hash-threshold 100

statement ok
INSERT INTO x (xt__id, bar) VALUES(1,'fish')

statement ok
INSERT INTO z (xt__id) VALUES(2)

query T rowsort
SELECT (SELECT x.bar FROM z) FROM x
----
fish

query T rowsort
SELECT (SELECT x.bar FROM (SELECT x.bar FROM z) AS y) FROM x
----
fish
